user_id,address
1000,0x81A856c650d8D94cf9Bc72B5104a2E3dfDA21A60
1001,0xC50E42e7F49881127E8183755be3F281bb687f7B
1002,0x7Bb606394706AB92Ead357B1C1F65D2fE059DaeA
1003,0x8500C7C7B0b2Ef8a27396a6e1f17cd8C62962D91
1004,0x3d4595C8742d0a58173a9963c05755B59A8f8255
1005,0xAf691D198a8544E3902F5AadD1FdFc5200fac225
1006,0x002eCcA6f1c1c1989105ab4b06f3Cb7ca832dFb7
1007,0x4B16ce4Edb6BFEa22Aa087fB5CB3CfD654ca99f5
1008,0xD5970bB4588438ba21d4b67A3031d7ca699f8499
1009,0x3FdcE882E8761fAC59954B3Cb79d9E5feD630079
1010,0x0D8AbB5c81EbD754370567c040d81aCdAA3a8622
1011,0x4f1E842F4B1c38b08E32239a68a611D8174ED83F
1012,0x96C4023F4aFB85Ec210a069a4Ea0396B05d35F67
1013,0xf01c3f5Ebd1408583Cc200975928826B4962Bf38
1014,0xA7ce2544388E654349b80aeA47D311E83e12C733
1015,0x5EAA2e5d11e95b6444a71FdfeB205c832d5Cbc1C
1016,0x92cCE550fF22e597aB405593B86724f26E6FaBaC
1017,0xF23C6B002D29fDc2039bf3C12c55c5485EaC4CEB
1018,0x5aB486c9Cd3513A20FD27907C5E57A78FDF25c9c
1019,0xc77F61fE6E51C4B649E7923eA1a506711013b57B
1020,0x2EA4882744dc9317C81E52d6f7BF046F7C258F94
1021,0xB3b9934FB9417eE6D4F6e8fdC815d62B437EEA8D
1022,0x6D5e2B8B4076BeE4068Bfb179CD682D849D9A916
1023,0xF8F6dA7f5abD18C800D588C41460b5F464320489
1024,0xF4eb823b05A9A5349F2680239982Cd3cf6A709a5
1025,0x7fa9e165baa1e646c0D8489e583180982e4F201D
1026,0x13d3D09ee54FCD8ECA217224e89CB7f41ba3EB33
1027,0x3B79D2dc5Ed77015bf6190c7ae83838ea58310B8
1028,0x85A1dD5064Fcc8924f84866D9F1ca9Cb41Cfaa1F
1029,0x55A2170c6027c5D0517c6607535D317E626A747d
